COMPANY;TICKER;Allianz Polska TFI S.A.;BNP Paribas TFI S.A.;ESALIENS TFI S.A.;Generali Investments TFI S.A.;Goldman Sachs TFI S.A.;Investors TFI S.A.;Millennium TFI S.A.;Nationale-Nederlanden;PFR TFI S.A.;PKO TFI S.A.;PZU TFI S.A.;Pekao TFI S.A.;Santander TFI S.A.;UNIQA TFI S.A.;TOTAL;Allianz Polska TFI S.A._pct;BNP Paribas TFI S.A._pct;ESALIENS TFI S.A._pct;Generali Investments TFI S.A._pct;Goldman Sachs TFI S.A._pct;Investors TFI S.A._pct;Millennium TFI S.A._pct;Nationale-Nederlanden_pct;PFR TFI S.A._pct;PKO TFI S.A._pct;PZU TFI S.A._pct;Pekao TFI S.A._pct;Santander TFI S.A._pct;UNIQA TFI S.A._pct;TOTAL_pct
11 BIT STUDIOS SA;11B PW Equity;0;0;0;-6425;0;0;0;0;0;-2610;0;0;0;0;-9035;;0%;;-100%;;;;;;-15.7%;;;;;-37.3%
AAON INC;AAON US Equity;0;0;0;0;0;-750;0;0;0;0;0;0;0;0;-750;;;;;;-100%;;;;;;;;;-100%
AB S.A.;ABE PW Equity;15714;4585;-14030;26713;2814;16186;1481;0;3833;53030;0;0;32236;30927;173489;;269.5%;-100%;;11.8%;;31.8%;;127.3%;19.6%;;;;;54.6%
ABB LTD;ABBN SW Equity;0;0;-7;0;0;0;0;0;0;0;0;0;0;0;-7;;;-100%;;;;;;;;;;;;-100%
AC S.A.;ACG PW Equity;0;-90;0;0;0;0;0;0;0;0;0;0;0;0;-90;;-100%;;;;;;;;;;;;;-100%
ADOBE INC.;ADBE US Equity;0;0;0;0;0;0;0;0;0;0;0;0;500;0;500;;;;0%;;;;;;;;;51.9%;;24.1%
ADVANCED MICRO DEVICES INC;AMD US Equity;0;0;-2;-2132;0;-1122;0;0;0;0;0;-6874;1471;0;-8659;;;-100%;-100%;;-59.5%;;;;;;-100%;34.9%;;-57.3%
AGNICO EAGLE MINES LTD;AEM CN Equity;0;0;-1911;0;0;-95;0;0;0;0;0;0;0;0;-2006;;;-100%;;;-3.3%;;;;;;;;;-42.2%
AILLERON S.A.;ALL PW Equity;0;0;0;0;0;0;0;0;0;0;0;0;0;0;0;;0%;;;;;;;;;;;;;0%
AIR LIQUIDE SA;AI FP Equity;0;0;0;0;0;-632;0;0;0;0;0;0;0;0;-632;;;;;;-61.6%;;;;;;;;;-61.6%
ALAMOS GOLD INC-CLASS A;AGI CN Equity;0;0;0;0;0;2178;0;0;0;0;0;0;0;0;2178;;;;;;;;;;;;;;;
ALBEMARLE CORP;ALB US Equity;0;0;0;0;21366;0;0;0;0;0;0;0;4349;0;25715;;;;;;;;;;;;;;;
ALFEN N.V.;ALFEN NA Equity;0;0;0;0;0;0;0;0;0;0;0;0;-14453;0;-14453;;;;;;;;;;;;;-100%;;-100%
ALIOR BANK S.A.;ALR PW Equity;8583;-6376;110250;7905;-72339;144336;511;0;25643;227512;955495;151576;65954;-99202;1519848;3.3%;-14.3%;113.5%;10.1%;-16.4%;22%;2%;;194.6%;27.8%;;58.9%;115.3%;-55.9%;52%
ALLEGRO.EU SOCIETE ANONYME;ALE PW Equity;7697;17340;-3334;149944;1183894;2576137;16327;0;145710;1973448;5385072;971256;225995;343309;12992795;0.4%;6.8%;-1.5%;41.1%;162.8%;75.9%;12%;;171.8%;36.9%;;126.1%;98%;89.2%;94.8%
ALLIANZ SE;ALV GR Equity;0;0;0;-971;0;227;0;0;0;0;0;0;0;0;-744;;;;-100%;;;;;;;;;;;-76.6%
ALPHABET INC.;NA;-317568;0;-3463;0;-35219;994;0;0;0;0;0;-50588;-18030;0;-423874;-100%;;-78.5%;;-99.9%;6.9%;;;;0%;;-92.4%;-86.8%;;-93.1%
AMAZON.COM, INC.;AMZN US Equity;-16561;0;1;-3067;0;-11850;0;0;2060;0;49000;-4106;3648;0;19125;-43.2%;;0%;-100%;;-80.5%;;;;;;-100%;81.9%;;27%
AMBRA SA;AMB PW Equity;0;0;0;0;0;0;0;0;0;-6000;0;0;0;0;-6000;;;;;;;;;;-3.6%;;;;;-3.6%
AMICA SA;AMC PW Equity;0;0;0;0;0;0;0;0;0;-1500;0;0;0;0;-1500;;;;;;;;;;-4.4%;;0%;;;-4.3%
AMREST HOLDINGS SE;EAT PW Equity;0;0;0;0;-52815;0;-9687;0;-9741;-45000;0;0;0;0;-117243;;0%;;0%;-100%;;-32%;;-100%;-6.4%;;0%;;;-13.3%
AMS AG;AMS SW Equity;0;0;0;0;0;0;0;0;0;0;0;0;-42385;0;-42385;;;;;;;;;;;;;-100%;;-100%
AND INFORMATION NETWORK AG;BNN GR Equity;0;0;-5613;0;0;0;0;0;0;0;0;0;0;0;-5613;;;-100%;;;;;;;;;;;;-100%
ANSWEAR.COM S.A.;ANR PW Equity;250000;0;310769;0;113425;0;0;0;0;384731;0;0;68619;0;1127544;;0%;;;;;;;;;;;;;12862.7%
APATOR S.A.;APT PW Equity;0;-1300;0;0;-24114;0;0;0;0;0;0;0;0;0;-25414;;-100%;;;-11.9%;;;;;0%;;;;;-7.9%
ARCHICOM S.A.;ARH PW Equity;0;-4191;0;0;-4750;0;0;0;0;0;1309841;0;0;972;1301872;;-19.9%;;;-2.4%;;;;;;;0%;;0.8%;336.5%
ARCTIC PAPER S.A.;ATC PW Equity;0;-5105;0;0;-847;0;0;0;0;-40964;0;0;-10580;0;-57496;;-17.7%;;;-2.1%;;;;;-6.6%;;;-17.5%;;-7.6%
ARLEN S.A.;ARL PW Equity;168901;0;44892;34741;117986;0;0;0;0;0;760494;0;0;0;1127014;;;;;;;;;;;;;;;
ARTIFEX MUNDI S.A.;ART PW Equity;0;0;0;0;0;0;0;0;0;0;0;0;0;0;0;;0%;;;;;;;;;;;;;0%
AS TALLINNA VESI;TVE1T ET Equity;0;0;-700;0;0;0;0;0;0;0;0;0;0;0;-700;;;-100%;;;;;;;;;;;;-100%
ASBISC ENTERPRISES PLC;ASB PW Equity;226817;-961;-143200;0;0;0;0;0;0;0;0;0;0;0;82656;;-2.4%;-100%;;;;;;;;;;;;44.9%
ASML HOLDING N.V.;ASML NA Equity;-5155;0;0;-236;0;-404;0;0;0;0;0;0;58;0;-5737;-77.6%;;;-27.8%;;-100%;;;;;;;8.9%;;-67.2%
ASSECO BUSINESS SOLUTIONS S.A.;ABS PW Equity;0;0;0;0;-1345;-86;0;0;0;-12500;0;0;0;0;-13931;;;;;-3.3%;-7.7%;;;;-8.9%;;;;;-7.7%
ASSECO POLAND S.A.;ACP PW Equity;137448;-5776;0;-30165;-10166;-138411;-841;0;10592;105520;0;0;0;-3361;64840;;-30%;;-70.1%;-6.4%;-97.2%;-7.7%;;184.7%;32.6%;;;;-8.4%;8.7%
ASSECO SOUTH EASTERN EUROPE S.A.;ASE PW Equity;0;700;0;-1859;-997;3859;0;0;-5859;0;248746;0;0;34000;278590;;14.9%;;-10.4%;-1.7%;29.2%;;;-43.1%;0%;;0%;;60%;120.3%
ASTARTA HOLDING N.V.;AST PW Equity;0;0;0;0;0;0;0;0;0;0;0;0;0;0;0;;0%;;;;;;;;;;;;;0%
AT&T Inc.;T US Equity;0;0;0;0;0;0;0;0;0;0;0;0;0;0;0;;;;;;;;;;;;;;;
ATAL S.A.;1AT PW Equity;-14964;0;-26949;0;-85753;0;-247;0;0;0;0;0;-757;35623;-93047;-100%;0%;-100%;;-79.6%;;-9.3%;;;;;0%;-2.3%;78.6%;-34.3%
ATENDE S.A.;ATD PW Equity;0;0;0;0;0;0;0;0;0;0;0;0;0;0;0;;0%;;;;;;;;;;;;;0%
ATM GRUPA SA;ATG PW Equity;0;-24118;0;0;0;0;0;0;0;0;0;0;0;0;-24118;;-30.6%;;;;;;;;0%;;;;;-0.7%
AUTO PARTNER S.A.;APR PW Equity;-152261;-9036;0;-31260;388352;-2341;5969;0;-15666;41635;1169276;0;0;190000;1584668;-100%;-16.4%;0%;-16.8%;;-2.3%;18.4%;;-100%;8.1%;;;;;144.1%
AUTODESK INC;ADSK US Equity;0;0;0;0;0;-277;0;0;0;0;0;0;0;0;-277;;;;;;-100%;;;;;;;;;-100%
Abbott Laboratories;ABT US Equity;0;0;0;-3882;0;0;0;0;0;0;0;0;0;0;-3882;;;;-100%;;;;;;;;;;;-100%
Accenture PLC;ACN US Equity;0;0;0;-1232;0;0;0;0;0;0;0;0;0;0;-1232;;;;-100%;;;;;;;;;;;-100%
Adidas AG;ADS GR Equity;-7670;0;0;0;0;0;0;0;0;0;0;0;0;0;-7670;-100%;;;;;;;;;;;;;;-100%
Agora S.A.;AGO PW Equity;0;0;0;0;146382;0;28479;0;0;-10805;922625;0;0;0;1086681;;;;;;;93.7%;;;-100%;;;;;2637.8%
Aixtron SE;AIXA GR Equity;0;0;0;0;0;0;0;0;0;0;0;50187;0;0;50187;;;;;;;;;;;;57.1%;;;57.1%
Alphabet Inc;GOOGL US Equity;0;0;4;-6738;0;0;0;0;0;0;23615;-12475;0;0;4406;;;0.1%;-100%;;;;;;;;-100%;;;17.4%
Analog Devices, Inc.;ADI US Equity;0;0;0;0;0;0;0;0;0;0;0;0;0;0;0;;;;0%;;;;;;;;;;;0%
Anglo American Plc.;AAL LN Equity;0;0;0;0;0;0;0;0;0;0;254512;0;0;0;254512;;;;;;;;;;;;;;;
Apple Inc.;AAPL US Equity;0;0;0;-6355;0;-59;0;0;0;0;0;0;0;0;-6414;;;;-100%;;-4.3%;;;;;;;;;-82.9%
Applied Materials Inc.;AMAT US Equity;0;0;0;0;0;0;0;0;0;0;0;0;0;0;0;;;;;;;;;;;;;;;
Arcelormittal SA;MT NA Equity;0;0;0;0;0;0;0;0;0;0;0;0;0;0;0;;;;;;;;;;;;;;;
Axon Enterprise Inc;AXON US Equity;0;0;0;0;0;0;0;0;0;0;17914;0;0;0;17914;;;;;;;;;;;;;;;
Axsome Therapeutics Inc.;AXSM US Equity;0;0;0;0;0;0;0;0;0;0;0;0;0;0;0;;;;;;;;;;;;;;;
BABCOCK INTERNATIONAL GROUP PLC;BAB LN Equity;0;0;0;0;0;19600;0;0;0;0;0;0;0;0;19600;;;;;;;;;;;;;;;
BAE Systems PLC;BA/ LN Equity;0;0;0;0;0;0;0;0;0;0;124326;0;0;0;124326;;;;;;;;;;;;;;;
BANCA TRANSILVANIA SA;TLV RO Equity;0;0;0;0;164325;0;0;0;0;0;0;0;0;0;164325;;;;;;;;;;;;;;;
BANCO SANTANDER SA;SAN SM Equity;0;0;-26800;0;0;26575;0;0;0;0;0;0;0;0;-225;;;-39.8%;;;114.1%;;;;;;;;;-0.2%
BANK HANDLOWY W WARSZAWIE S.A.;BHW PW Equity;0;-6349;0;0;-52075;0;0;0;13930;-11800;0;0;0;0;-56294;;-39.6%;;0%;-100%;;;;296.1%;-3.9%;;;;;-14.7%
BANK MILLENNIUM S.A.;MIL PW Equity;-796066;14200;0;71311;-481370;564432;0;0;-37723;-436732;3704227;-24019;-446529;-50632;2081099;-100%;5.4%;;;-39.9%;19.4%;;;-43%;-7.6%;;-41.2%;-100%;-13.4%;17.5%
BANK OF AMERICA CORP;BAC US Equity;0;0;0;-15679;0;-4326;0;0;0;0;0;0;-15294;0;-35299;;;;-100%;;-42.1%;;;;;;;-100%;;-85.6%
BANK POLSKA KASA OPIEKI S.A.;PEO PW Equity;46233;-1372;-2000;-785;53528;-143734;-2061;0;27817;-134881;1237240;-57347;-19078;44927;1048487;10.2%;-2.3%;-2%;-0.7%;13.6%;-11.4%;-4.9%;;108%;-8.8%;;-16.6%;-16.5%;31.3%;22.8%
BARCLAYS PLC;BARC LN Equity;0;0;0;0;316444;0;0;0;0;0;0;0;0;0;316444;;;;;;;;;;;;;;;
BARRICK MINING CORP;ABX CN Equity;0;0;0;0;0;4089;0;0;11962;0;0;0;0;0;16051;;;;;;;;;;;;;;;
BEFESA SA;BFSA GR Equity;0;0;0;0;91207;0;0;0;0;0;0;0;0;0;91207;;;;;;;;;;;;;;;
BENEFIT SYSTEMS S.A.;BFT PW Equity;4721;649;7463;1898;4445;19071;234;0;897;16815;42830;11675;3083;3935;117716;53.4%;47.5%;387.1%;121%;90.4%;55.9%;29.3%;;199.8%;100.5%;;285.9%;174.9%;78.1%;144.2%
BHP Group Limited;BHP AU Equity;0;0;0;0;0;0;0;0;0;0;0;0;0;0;0;;;;;;;;;;;;0%;;;0%
BICO GROUP AG;BICO SS Equity;0;0;-4565;0;0;0;0;0;0;0;0;0;0;0;-4565;;;-100%;;;;;;;;;;;;-100%
BIO-TECHNE CORP;TECH US Equity;0;0;0;-2266;0;0;0;0;0;0;0;0;0;0;-2266;;;;-100%;;;;;;;;;;;-100%
BNP PARIBAS;BNP FP Equity;0;0;-750;0;0;-644;0;0;0;0;0;0;0;0;-1394;;;-100%;;;-30.7%;;;;;;;;;-49%
BNP PARIBAS BANK POLSKA S.A.;BNPPPL PW Equity;33000;0;33926;13413;59507;9752;804;0;-609;72599;348362;10855;21044;99698;702351;21.3%;;271.4%;54.1%;592.6%;46.9%;10.1%;;-100%;25.8%;;28.1%;134.2%;490.4%;119.6%
BOOKING HOLDINGS INC;BKNG US Equity;0;0;-41;0;0;0;0;0;0;0;0;0;0;0;-41;;;-23.7%;;;;;;;;;;;;-23.7%
BOSTON SCIENTIFIC CORP;BSX US Equity;0;0;0;0;0;928;0;0;0;0;0;0;0;0;928;;;;;;;;;;;;;;;
BROADCOM INC;AVGO US Equity;0;0;0;0;0;-188;0;0;0;0;0;0;2825;0;2637;;;;;;-25%;;;;;;;;;350.2%
BUDIMEX S.A.;BDX PW Equity;49706;2840;0;904;10758;93466;1693;0;3519;12597;111392;-4852;0;12135;294158;;74.4%;;32.8%;84.8%;1245.2%;262.9%;;1322.9%;13%;;-100%;;40450%;227.1%
BUMECH S.A.;BMC PW Equity;0;-1259;0;0;0;0;0;0;0;0;0;0;0;0;-1259;;-100%;;;;;;;;;;;;;-100%
Banco Comercial Portugues S.A.;BCP PL Equity;0;0;0;0;0;0;0;0;0;0;0;0;0;0;0;;;;;;;;;;;;;;;
Berkshire Hathaway Inc.;BRK/A US Equity;0;0;0;0;0;0;0;0;0;0;0;0;0;0;0;;;;;;;;;;;;;;;
Bioceltix SA;BCX PW Equity;0;0;0;10174;20026;0;0;0;0;0;296316;0;0;0;326516;;;;;;;;;;;;;;;
CANADIAN PACIFIC KANSAS CITY LTD;CP CN Equity;0;0;0;0;0;-1616;0;0;0;0;0;0;0;0;-1616;;;;;;-100%;;;;;;;;;-100%
CAPITAL ONE FINANCIAL CORP;COF US Equity;0;0;0;0;0;-370;0;0;0;0;0;0;0;0;-370;;;;;;-100%;;;;;;;;;-100%
CAPSTONE COPPER CORP;CS CN Equity;0;0;0;0;0;0;0;0;0;0;0;0;90208;0;90208;;;;;;;;;;;;;;;
CAPTOR THERAPEUTICS S.A.;CTX PW Equity;-11360;0;-1147;0;607;0;-1517;0;22977;0;0;0;0;0;9560;-9.3%;;-100%;;13.5%;;-28.5%;;;;;;;;7.2%
CARNIVAL CORP;CCL US Equity;0;0;0;0;0;-2386;0;0;0;0;0;0;0;0;-2386;;;;;;-100%;;;;;;;;;-100%
CATERPILLAR INC;CAT US Equity;0;0;0;0;0;-288;0;0;0;0;0;0;0;0;-288;;;;;;-39.8%;;;;;;;;;-39.8%
CCC S.A.;CCC PW Equity;73558;11077;90680;4274;-103336;-138441;2899;0;12660;112606;462012;12811;27936;-76481;492255;85%;82.4%;1036.3%;16.3%;-70.1%;-90.3%;29.6%;;125.3%;30.3%;;12.1%;210.9%;-100%;48.1%
CD PROJEKT S.A.;CDR PW Equity;-20559;5085;-600;12408;14335;127860;741;0;7822;141216;428970;-10221;36382;2887;746326;-8.2%;22.2%;-42.9%;65.8%;7.5%;41.9%;8.4%;;57.7%;34%;;-24.5%;355%;4.3%;55.5%
CDRL S.A.;CDL PW Equity;0;0;-500;0;0;0;0;0;0;0;0;0;0;0;-500;;;-100%;;;;;;;;;;;;-100%
CEZ A.S.;CEZ CP Equity;0;0;-800;0;0;0;0;0;0;0;0;0;0;0;-800;;;-100%;;;;;;;;;;;;-100%
CF Industries Holdings Inc;CF US Equity;0;0;-1210;-1864;0;0;0;0;0;0;0;0;0;0;-3074;;;-100%;-100%;;;;;;;;;;;-100%
CHEMRING GROUP PLC;CHG LN Equity;0;0;0;0;0;40107;0;0;0;0;0;0;0;0;40107;;;;;;;;;;;;;;;
CHENIERE ENERGY INC;LNG US Equity;0;0;0;0;0;-1486;0;0;0;0;0;0;0;0;-1486;;;;;;-80.4%;;;;;;;;;-80.4%
CHEVRON CORP;CVX US Equity;0;0;0;0;0;385;0;0;0;0;0;0;0;0;385;;;;;;;;;;;;;;;
CHEWY INC;CHWY US Equity;0;0;0;0;0;-2949;0;0;0;0;0;0;0;0;-2949;;;;;;-100%;;;;;;;;;-100%
CIENA CORP;CIEN US Equity;0;0;0;0;0;296;0;0;0;0;0;0;0;0;296;;;;;;;;;;;;;;;
CITIGROUP INC.;C US Equity;0;0;0;0;0;1533;0;0;0;0;0;0;0;0;1533;;;;;;;;;;;;;;;
CITIZENS FINANCIAL GROUP;CFG US Equity;0;0;0;0;0;1236;0;0;0;0;0;0;0;0;1236;;;;;;;;;;;;;;;
CLEAN HARBORS INC.;CLH US Equity;0;0;0;0;0;-399;0;0;0;0;0;0;0;0;-399;;;;;;-22.1%;;;;;;;;;-22.1%
CLEVELAND-CLIFFS INC;CLF US Equity;0;0;0;0;0;4427;0;0;0;0;0;0;0;0;4427;;;;;;;;;;;;;;;
CLOUDFLARE INC;NET US Equity;0;0;0;0;0;-124;0;0;0;0;0;0;0;0;-124;;;;;;-23.4%;;;;;;;;;-23.4%
COCA-COLA CO/THE;KO US Equity;0;0;0;-11933;0;-4232;0;0;0;0;0;0;0;0;-16165;;;;-100%;;-60.6%;;;;;;;;;-85.5%
COEUR MINING INC;CDE US Equity;0;0;0;0;0;7725;0;0;0;0;0;0;0;0;7725;;;;;;;;;;;;;;;
COGNOR HOLDING S.A.;COG PW Equity;0;0;334782;0;-6587;0;0;0;0;0;0;0;225000;0;553195;;;;;-2%;;;;;;;;;;171.6%
COMMERZBANK AG;CBK GR Equity;0;0;0;0;-51230;10218;0;0;0;0;0;0;0;0;-41012;;;;;-100%;;;;;;;;;;-80.1%
COMP SA;CMP PW Equity;79668;6872;0;22366;0;0;0;0;0;0;3411;0;0;0;112317;;400%;;;;;;;;;;;;;6537.7%
CONOCOPHILLIPS;COP US Equity;0;0;0;0;0;-1645;0;0;0;0;0;0;0;0;-1645;;;;;;-77%;;;;;;;;;-77%
CONSTELLATION ENERGY CORP;CEG US Equity;0;0;0;0;0;270;0;0;0;0;0;0;0;0;270;;;;;;;;;;;;;;;
CONSTRUCTION PARTNERS INC;ROAD US Equity;0;0;0;0;0;-1467;0;0;0;0;0;0;0;0;-1467;;;;;;-23.4%;;;;;;;;;-23.4%
CREDIT AGRICOLE SA;ACA FP Equity;0;0;-11650;0;0;0;0;0;0;0;0;0;0;0;-11650;;;-100%;;;;;;;;;;;;-100%
CREEPY JAR S.A.;CRJ PW Equity;0;0;-95;0;-45;0;0;0;0;0;0;0;0;-2429;-2569;0%;0%;-3.8%;;-2.3%;;;;;;;;;-100%;-15.7%
CREOTECH INSTRUMENTS S.A.;CRI PW Equity;0;0;0;0;10553;0;0;0;1057;0;118292;0;0;0;129902;;;;;51.6%;;;;67.2%;;;;;;590.1%
CRH PLC;CRH US Equity;0;0;0;0;0;764;0;0;0;0;0;0;0;0;764;;;;;;;;;;;;;;;
CROCS INC;CROX US Equity;0;0;0;0;0;-829;0;0;0;0;0;0;0;0;-829;;;;;;-100%;;;;;;;;;-100%
CSX CORP;CSX US Equity;0;0;0;0;0;-1099;0;0;0;0;0;0;0;0;-1099;;;;;;-100%;;;;;;;;;-100%
CTP N.V.;CTPNV NA Equity;0;0;-8;0;82930;0;0;0;0;0;0;-23158;0;-29003;30761;;;-100%;;367.4%;;;;;;;-23.8%;;-100%;20.7%
CYBER_FOLKS S.A.;CBF PW Equity;-14769;-1548;0;3867;-5948;9158;81;0;8441;53376;309921;4696;-2478;8032;372829;-13.8%;-17.4%;;14.2%;-6.1%;90.4%;2.4%;;149.7%;;;4.6%;-18.1%;26.7%;91.8%
CYFROWY POLSAT S.A.;CPS PW Equity;-585089;15137;0;60459;-777206;37609;4421;0;34416;687212;0;207229;-210840;11000;-515652;-100%;12.1%;;51.9%;-100%;33.6%;9.4%;;99.2%;51.1%;;40.5%;-100%;15.9%;-13.1%
CaixaBank SA;CABK SM Equity;0;0;0;0;0;0;0;0;0;0;0;0;0;0;0;;;;;;;;;;;;;;;
Capgemini SE;CAP FP Equity;0;0;0;-1839;0;0;0;0;0;0;0;32017;0;0;30178;;;;-100%;;;;;;;;;;;1641%
Celon Pharma S.A.;CLN PW Equity;77977;0;0;0;42816;0;0;0;0;0;0;0;0;0;120793;40.2%;0%;;;99.6%;;;;;;;0%;;;36.7%
Compremum S.A.;CPR PW Equity;0;0;0;0;0;0;0;0;0;0;0;0;0;0;0;;;;;;;;;;;;;;;
CrowdStrike Holdings Inc.;CRWD US Equity;0;0;0;0;0;0;0;0;0;0;0;0;0;0;0;;;;;;;;;;;;;;;
DATADOG INC;DDOG US Equity;0;0;0;0;0;331;0;0;0;0;0;0;0;0;331;;;;;;41.4%;;;;;;;;;41.4%
DEERE & COMPANY;DE US Equity;0;0;0;-1018;0;-201;0;0;0;0;0;0;0;0;-1219;;;;-100%;;-100%;;;;;;;;;-100%
DEKPOL S.A.;DEK PW Equity;0;-74;0;0;0;0;0;0;0;0;0;0;0;0;-74;;-1.5%;;;;;;;;;;;;;-1.5%
DELKO S.A.;DEL PW Equity;0;-4490;0;0;0;0;0;0;0;0;0;0;0;0;-4490;;-100%;;;;;;;;;;;;;-100%
DELL INC;DELL US Equity;0;0;0;0;12463;0;0;0;0;0;0;0;0;0;12463;;;;;;;;;;;;;;;
DEVELIA S.A.;DVL PW Equity;-593735;-18800;-127598;0;120911;0;31937;0;321094;993964;0;717958;170653;1020154;2636538;-26.5%;-7.5%;-99.2%;;7.3%;;33.2%;;463.5%;53.3%;;970.6%;43.4%;;38.9%
DIAGNOSTYKA S.A.;DIA PW Equity;6759;9187;0;26553;39842;152530;5936;0;5055;95826;483147;43358;17127;62352;947672;;;;;;;;;;;;;;;
DINO POLSKA S.A.;DNP PW Equity;1699264;232620;0;163443;929963;2311466;82118;0;138303;4309039;3609108;962460;314746;137050;14889580;1108.8%;1221.3%;;631.6%;813.1%;651.2%;843.3%;;1967.3%;1587.5%;;1248.9%;1285.9%;703.4%;1382.9%
DO & CO AG;DOC AV Equity;0;0;0;0;2039;0;0;0;0;0;0;0;0;0;2039;;;;;36.7%;;;;;;;;;;36.7%
DOM DEVELOPMENT S.A.;DOM PW Equity;3784;-106;0;3464;4554;132242;35;0;430;98607;120742;33541;-841;6856;403308;5.7%;-2.1%;;;9.9%;697.4%;1.6%;;17.2%;986070%;;;-11.3%;37.3%;241.3%
DUTCH BROS INC;BROS US Equity;0;0;0;0;0;-1163;0;0;0;0;0;0;0;0;-1163;;;;;;-100%;;;;;;;;;-100%
Danaher Corp;DHR US Equity;0;0;0;-1282;0;0;0;0;0;0;0;0;0;0;-1282;;;;-100%;;;;;;;;;;;-100%
DataWalk SA;DAT PW Equity;0;0;0;0;0;0;-2368;0;0;0;0;0;0;0;-2368;;;0%;;;;-41.4%;;;;;;;;-22.5%
Deutsche Post AG;DHL GR Equity;0;0;0;0;0;0;0;0;0;0;0;0;0;0;0;;;;;;;;;;;;;;;
ECHO INVESTMENT S.A.;ECH PW Equity;1358;0;0;-29458;0;0;-992;0;21203;0;0;0;-73469;2100;-79258;;0%;;-11.3%;;;-1.8%;;72.7%;0%;;0%;-13%;0.4%;-1.9%
ELF BEAUTY INC;ELF US Equity;0;0;0;0;0;-1456;0;0;0;0;0;0;0;0;-1456;;;;;;-100%;;;;;;;;;-100%
ENEA S.A.;ENA PW Equity;384827;74569;-379500;0;-318285;56115;330;0;75663;433273;0;0;0;79000;405992;;347.8%;-100%;;-53.8%;187%;0.6%;;;26.2%;;;;;14.9%
ENPHASE ENERGY INC;ENPH US Equity;0;0;0;0;0;0;0;0;0;0;0;0;-4957;0;-4957;;;;;;;;;;;;;-100%;;-100%
ENTER AIR S.A.;ENT PW Equity;-59090;-900;0;26717;0;0;0;0;-6795;0;0;0;-5220;0;-45288;-20.2%;-6.3%;;68.1%;;0%;;;-100%;;;;-12.6%;;-11.2%
EOG RESOURCES INC;EOG US Equity;0;0;0;0;0;-2093;0;0;0;0;0;0;0;0;-2093;;;;;;-82%;;;;;;;;;-82%
EQUIPMENT AG;SBO AV Equity;0;0;-330;0;0;0;0;0;0;0;0;0;0;0;-330;;;-100%;;;;;;;;;;;;-100%
ERBUD S.A.;ERB PW Equity;0;-7286;0;0;0;0;698;0;0;0;0;0;0;0;-6588;;-100%;;;;0%;15.5%;;;;;;;;-36.3%
ESOTIQ & HENDERSON S.A.;EAH PW Equity;0;-163;0;0;0;0;0;0;0;0;0;0;0;0;-163;;-2.2%;;;;;;;;;;;;;-2.2%
EUROCASH S.A.;EUR PW Equity;0;-17894;0;0;712352;0;9164;0;10384;-84592;0;0;0;0;629414;;-99.7%;;;;;18.1%;;94.4%;-10.2%;;;;;69.4%
EUROTEL S.A.;ETL PW Equity;0;0;0;0;0;0;0;0;0;-83166;0;0;0;0;-83166;;0%;;;;;;;;-100%;;;;;-98%
EXXON MOBIL CORP;XOM US Equity;0;0;-2150;0;0;0;0;0;0;0;0;0;0;0;-2150;;;-54.7%;;;;;;;;;;;;-54.7%
Erste Group Bank AG;EBS AV Equity;0;0;-10300;0;0;0;0;0;0;0;0;0;0;0;-10300;;;-45.9%;;;;;;;;;;;;-45.9%
Essential Utilities, Inc.;WTRG US Equity;0;0;0;0;0;0;0;0;0;0;0;92461;0;0;92461;;;;;;;;;;;;;;;
FABRITY S.A.;FAB PW Equity;0;0;0;0;0;0;0;0;0;0;0;0;0;0;0;;0%;;;;;;;;;;;;;0%
FABRYKI MEBLI FORTE S.A.;FTE PW Equity;0;0;0;0;-570;-4683;0;0;-7298;0;0;0;0;0;-12551;;0%;;;-2.5%;-100%;;;-100%;;;;;;-34.2%
FEDERAL SIGNAL CORPORATION;FSS US Equity;0;0;0;0;0;-2089;0;0;0;0;0;0;0;0;-2089;;;;;;-34.7%;;;;;;;;;-34.7%
FEDEX CORP;FDX US Equity;0;0;0;0;0;-540;0;0;0;0;0;0;0;0;-540;;;;;;-100%;;;;;;;;;-100%
FEERUM S.A.;FEE PW Equity;0;0;0;0;0;0;0;0;0;0;0;0;0;0;0;;0%;;;;;;;;;;;;;0%
FERRO S.A.;FRO PW Equity;-22510;0;0;0;-4334;-150;87;0;-12022;-4643;0;0;-5850;3151;-46271;-31%;0%;;0%;-20.8%;-0.3%;1.1%;;-100%;-3.9%;;;-11%;2.6%;-9.3%
FIELMANN AG;FIE GR Equity;0;0;-3107;0;0;0;0;0;0;0;0;0;0;0;-3107;;;-100%;;;;;;;;;;;;-100%
FIFTH THIRD BANCORP;FITB US Equity;0;0;0;0;0;-2198;0;0;0;0;0;0;0;0;-2198;;;;;;-100%;;;;;;;;;-100%
FORVIA SE;FRVIA FP Equity;0;0;0;0;0;0;0;0;0;0;0;0;-22443;0;-22443;;;;;;;;;;;;;-100%;;-100%
FREEPORT-MCMORAN INC;FCX US Equity;0;0;0;0;0;-573;0;0;11032;0;0;62436;0;0;72895;;;;;;-11.4%;;;;;;;;;1453.8%
FRESHPET INC;FRPT US Equity;0;0;0;0;0;-415;0;0;0;0;0;0;0;0;-415;;;;;;-100%;;;;;;;;;-100%
FRESNILLO PLC;FRES LN Equity;0;0;0;0;0;5443;0;0;0;0;0;0;0;0;5443;;;;;;;;;;;;;;;
GE Vernova Inc.;GEV US Equity;0;0;0;0;0;0;0;0;0;0;0;0;0;0;0;;;;;;;;;;;;;;;
GIEŁDA PAPIERÓW WARTOŚCIOWYCH W WARSZAWIE S.A.;GPW PW Equity;0;0;0;0;-38655;-94;0;0;0;-12666;0;0;0;0;-51415;;0%;;;-95.6%;-0.8%;;;;-6.8%;;;;;-21.2%
GIEŁDA PRAW MAJĄTKOWYCH VINDEXUS S.A.;VIN PW Equity;0;-11069;0;0;0;0;0;0;0;0;0;0;0;0;-11069;;-100%;;;;;;;;;;;;;-100%
GILEAD SCIENCES INC;GILD US Equity;0;0;-230;0;0;0;0;0;0;0;0;0;0;0;-230;;;-100%;;;;;;;;;;;;-100%
GLOBAL FASHION GROUP SA;GFG GR Equity;0;0;-310;0;0;0;0;0;0;0;0;0;0;0;-310;;;-100%;;;;;;;;;;;;-100%
GLOBE TRADE CENTRE SA;GTC PW Equity;0;0;0;0;0;0;0;0;0;0;0;0;0;0;0;;;;;;;;;;0%;;;;;0%
GRAIL INC;GRAL US Equity;0;0;-7;0;0;0;0;0;0;0;0;0;0;0;-7;;;-100%;;;;;;;;;;;;-100%
GREENEX METALS LTD;GRX AU Equity;0;0;0;0;0;0;0;0;0;0;0;0;0;0;0;;0%;;;;;;;;;;;;;0%
GRENEVIA S.A.;GEA PW Equity;0;-42145;-288250;0;-1105749;0;0;0;0;-1984091;0;-336627;0;0;-3756862;;-100%;-100%;;-100%;;;;;-100%;;-100%;;;-100%
GRODNO S.A.;GRN PW Equity;0;-3739;0;0;0;0;0;0;0;0;0;0;118009;0;114270;;-41.8%;;;;;;;;;;;128.6%;;113.5%
GRUPA AZOTY S.A.;ATT PW Equity;-79345;20600;-18250;0;-587;0;0;0;0;-17311;0;0;-10800;0;-105693;-100%;130.8%;-100%;;-0.9%;;;;;-4.4%;;;-100%;;-18.2%
GRUPA AZOTY ZAKŁADY AZOTOWE PUŁAWY S.A.;ZAP PW Equity;0;0;0;0;0;0;0;0;0;0;0;0;0;0;0;;0%;;;;;;;;;;;;;0%
GRUPA KĘTY S.A.;KTY PW Equity;-27821;-564;-150;361;8080;-18200;-42;0;1047;3013;48807;6821;-3020;4116;22448;-78.5%;-13.2%;-29.7%;5.3%;54.6%;-20.8%;-2%;;55.9%;4.1%;;58%;-100%;109.1%;9.2%
General Electric Co.;GE US Equity;0;0;0;0;0;0;0;0;0;0;0;0;0;0;0;;;;;;;;;;;;;;;
Goldman Sachs Group Inc;GS US Equity;0;0;0;-1141;0;0;0;0;0;0;0;0;0;0;-1141;;;;-100%;;;;;;;;;;;-100%
Grenergy Renovables S.A.;GRE SM Equity;0;0;0;0;0;0;0;0;0;0;0;0;0;0;0;;;;;;;;;;;;;;;
Grupa Pracuj S.A.;GPP PW Equity;-13297;8246;0;-1087;0;-1211;1041;0;0;1102;0;-34474;0;-50132;-89812;-100%;366%;;-3.2%;;-3.7%;16.9%;;;0.5%;;-39.8%;;-31.4%;-16.7%
HEIDELBERG MATERIALS AG;HEI GR Equity;0;0;0;0;0;2021;0;0;0;0;0;0;0;0;2021;;;;;;;;;;;;;;;
HUNTINGTON BANCSHARES INC;HBAN US Equity;0;0;0;0;0;-5504;0;0;0;0;0;0;0;0;-5504;;;;;;-100%;;;;;;;;;-100%
HUUUGE INC.;HUG PW Equity;0;-10998;-102915;0;16483;0;0;0;0;-97996;0;-353435;-68628;18258;-599231;;-100%;-100%;;31.6%;;;;;-44.9%;;-76%;-100%;;-65.3%
HYDROGENPRO AS;HYPRO NO Equity;0;0;-300;0;0;0;0;0;0;0;0;0;0;0;-300;;;-100%;;;;;;;;;;;;-100%
Hensoldt AG;HAG GR Equity;0;0;0;0;0;1960;0;0;0;0;27696;0;0;0;29656;;;;;;;;;;;;;;;
ILLUMINA INC;ILMN US Equity;0;0;-54;0;0;0;0;0;0;0;0;0;0;0;-54;;;-100%;;;;;;;;;;;;-100%
IMPACT COATINGS AB;IMPC SS Equity;0;0;-6000;0;0;0;0;0;0;0;0;0;0;0;-6000;;;-100%;;;;;;;;;;;;-100%
IMS S.A.;IMS PW Equity;0;-42021;0;0;0;0;0;0;0;0;0;0;0;0;-42021;;-39.7%;;;;;;;;;;;;;-39.7%
INDRA SISTEMAS SA;IDR SM Equity;0;0;0;0;0;2022;0;0;0;0;0;0;0;0;2022;;;;;;;;;;;;;;;
INDUSTRIAL MILK COMPANY S.A.;IMC PW Equity;0;0;0;0;0;0;0;0;0;0;0;0;0;0;0;;0%;;;;;;;;;;;;;0%
ING BANK ŚLĄSKI S.A.;ING PW Equity;69926;544;-4950;-675;-211;78802;67;0;6137;205022;0;0;-20641;18946;352967;;4.2%;-99.2%;-6.9%;-0.6%;73.3%;1%;;126.7%;608.4%;;0%;-100%;285.3%;143.3%
ING GROEP NV;INGA NA Equity;0;0;-11350;0;0;15390;0;0;0;0;0;0;0;0;4040;;;-50.5%;;;;;;;;;;;;18%
INGERSOLL-RAND INC;IR US Equity;0;0;0;0;0;-3908;0;0;0;0;0;0;0;0;-3908;;;;;;-82.2%;;;;;;;;;-82.2%
INPOST S.A.;INPST NA Equity;0;-5886;0;89396;-75810;-158;3860;0;-11526;0;1068650;310555;152564;58022;1589667;;-12.2%;;169.9%;-36.1%;-0.3%;33.4%;;-100%;;;155.2%;327.6%;;249.6%
INSTAL KRAKÓW S.A.;INK PW Equity;0;0;0;0;0;0;0;0;0;0;0;0;0;0;0;;0%;;;;;;;;;;;;;0%
INTEL CORP;INTC US Equity;0;0;0;0;0;0;0;0;0;0;0;0;-9484;0;-9484;;;;;;;;;;;;;-36%;;-36%
INTER CARS S.A.;CAR PW Equity;-36691;384;0;-720;31350;34597;286;0;-2291;525;49253;-5080;7680;6579;85872;-60.2%;7.3%;;-7.8%;408.6%;126.6%;10.2%;;-100%;0.7%;;-18.6%;63%;205.9%;37%
INTROL S.A.;INL PW Equity;0;0;0;0;0;0;0;0;0;0;0;0;0;0;0;;0%;;;;;;;;;;;;;0%
INTUITIVE SURGICAL INC;ISRG US Equity;0;0;-126;0;0;-271;0;0;0;0;0;0;0;0;-397;;;-100%;;;-47%;;;;;;;;;-56.6%
IREN LTD;IREN US Equity;0;0;0;0;0;0;0;0;0;0;0;0;13479;0;13479;;;;;;;;;;;;;;;
IZOBLOK S.A.;IZB PW Equity;0;0;0;0;0;0;0;0;0;0;0;0;0;0;0;;;;;;;;;;;;;0%;;0%
Infineon Technologies AG;IFX GR Equity;-54698;0;0;0;0;0;0;0;0;0;0;0;0;0;-54698;-100%;;;;;;;;;;;;;;-100%
Insulet Corp.;PODD US Equity;0;0;0;0;0;0;0;0;0;0;0;0;0;0;0;;;;;;;;;;;;;;;
JASTRZĘBSKA SPÓŁKA WĘGLOWA S.A.;JSW PW Equity;0;-2602;-70550;0;115439;0;-11149;0;0;383012;0;0;-49315;60069;424904;;-22.2%;-100%;;;;-100%;;;103.8%;;;-100%;;83%
JENOPTIK AG;JEN GR Equity;0;0;-100;0;0;0;0;0;0;0;0;0;0;0;-100;;;-100%;;;;;;;;;;;;-100%
JERONIMO MARTINS SGPS S.A.;JMT PL Equity;0;0;-2950;-12666;0;-2811;0;0;0;0;0;0;0;0;-18427;;;-7.6%;-100%;;-25.1%;;;;;;0%;;;-7.1%
JPMORGAN CHASE & CO;JPM US Equity;0;0;0;0;0;-739;0;0;0;0;0;0;0;0;-739;;;;;;-32.2%;;;;;;;;;-32.2%
JUMBO SA;BELA GA Equity;0;0;0;0;-18559;0;0;0;0;0;0;0;0;0;-18559;;;;;-100%;;;;;;;;;;-100%
Janux Therapeutics Inc.;JANX US Equity;0;0;0;0;0;0;0;0;0;0;0;0;0;0;0;;;;;;;;;;;;;;;
Johnson & Johnson;JNJ US Equity;0;0;0;-3620;0;0;0;0;0;0;0;0;0;0;-3620;;;;-100%;;;;;;;;;;;-100%
K+S AG;SDF GR Equity;0;0;-14450;0;0;0;0;0;0;0;0;0;0;0;-14450;;;-84.3%;;;;;;;;;;;;-84.3%
KARMAN HOLDINGS INC;KRMN US Equity;0;0;0;0;0;727;0;0;0;0;0;0;0;0;727;;;;;;;;;;;;;;;
KGHM POLSKA MIEDŹ S.A.;KGH PW Equity;301250;-1497;-56600;7182;51402;701861;2293;0;36189;-189109;673728;103443;-4497;68698;1694343;120%;-3.5%;-99%;11.4%;17.9%;310.6%;11.3%;;173.1%;-17.1%;;;-6.5%;85%;76.1%
KINO POLSKA TV S.A.;KPL PW Equity;0;-1537;0;0;0;0;0;0;0;0;0;0;0;0;-1537;;-12.9%;;;;;;;;;;;;;-12.9%
KLAVIYO INC;KVYO US Equity;0;0;0;0;0;-1428;0;0;0;0;0;0;0;0;-1428;;;;;;-100%;;;;;;;;;-100%
KONTRON AG;KTN GR Equity;0;0;0;0;32798;0;0;0;0;0;0;0;0;0;32798;;;;;;;;;;;;;;;
KRATOS DEFENSE & SECURITY SOLUTIONS INC;KTOS US Equity;0;0;0;0;0;-322;0;0;0;0;0;0;0;0;-322;;;;;;-7.7%;;;;;;;;;-7.7%
KRKA DD NOVO MESTO;KRKG SV Equity;0;0;0;0;0;0;0;0;0;0;0;0;0;0;0;;;0%;;;;;;;;;;;;0%
KRUK S.A.;KRU PW Equity;-47550;-1727;-1500;-222;-8069;-140169;160;0;-82;3430;160049;23950;-2047;11478;-2299;-45.9%;-17.7%;-34%;-1.2%;-16%;-100%;3.5%;;-2.1%;2.5%;;282.2%;-17.3%;60.2%;-0.4%
Kraft Heinz Co/The;KHC US Equity;0;0;0;-3822;0;0;0;0;0;0;0;0;0;0;-3822;;;;-100%;;;;;;;;;;;-100%
LIVECHAT SOFTWARE SA;TXT PW Equity;0;-13832;0;0;-145134;-12608;-428;0;0;-11650;0;0;0;0;-183652;;-100%;;;-100%;-100%;-13.2%;;;-5.9%;;0%;;;-41%
LOKUM DEWELOPER S.A.;LKD PW Equity;0;-9627;0;0;0;0;0;0;0;0;0;0;0;0;-9627;;-100%;;;;;;;;;;;;;-100%
LPP S.A.;LPP PW Equity;2032;-30;-36;529;834;1877;-2;0;332;1415;13629;476;19;176;21251;48.5%;-4.3%;-2.8%;48.5%;26.9%;13.9%;-0.5%;;180.4%;14.7%;;13.4%;2%;8.2%;52.1%
LSI SOFTWARE S.A.;LSI PW Equity;0;-10382;0;0;0;0;0;0;0;0;0;0;0;0;-10382;;-100%;;;;;;;;;;;;;-100%
LUBAWA S.A.;LBW PW Equity;609030;0;0;0;-352476;0;0;0;0;0;0;0;0;0;256554;;;;;-20.5%;;;;;;;;;;14.9%
LUBELSKI WĘGIEL BOGDANKA S.A.;LWB PW Equity;0;20779;-1500;0;0;-1783;0;0;0;0;0;0;0;0;17496;;708.7%;-50%;;;-19.9%;;;;;;;;;117.5%
LUNDIN MINING CORP;LUN CN Equity;0;0;0;0;0;14142;0;0;0;0;0;0;0;0;14142;;;;;;;;;;;;;;;
LVMH MOET HENNESSY LOUIS VUITTON SA;MC FP Equity;0;0;0;-607;0;-126;0;0;0;0;0;0;0;0;-733;;;;-41%;;-53.6%;;;;;;;;;-42.7%
Leonardo SPA;LDO IM Equity;0;0;0;0;0;0;0;0;0;0;55001;0;0;0;55001;;;;;;;;;;;;;;;
Linde Plc;LIN US Equity;0;0;0;0;0;0;0;0;0;0;0;0;0;0;0;;;;;;;;;;;;;;;
M/I HOMES INC;MHO US Equity;0;0;0;0;0;-1412;0;0;0;0;0;0;0;0;-1412;;;;;;-100%;;;;;;;;;-100%
MABION S.A.;MAB PW Equity;0;-75;0;0;0;0;0;0;0;-222;0;0;0;0;-297;;-100%;;;;;;;;-100%;;;;;-100%
MAGYAR TELEKOM TELECOMMUNICATIONS PLC;MTELEKOM HB Equity;0;0;0;0;-1025156;0;0;0;0;0;0;0;0;0;-1025156;;;;;-72.7%;;;;;;;;;;-72.7%
MANGATA HOLDING S.A.;MGT PW Equity;0;-444;0;0;0;0;0;0;0;0;0;0;0;0;-444;;-100%;;;;;;;;;;;;;-100%
MARTIN MARIETTA MATERIALS INC;MLM US Equity;0;0;0;0;0;-194;0;0;0;0;0;0;0;0;-194;;;;;;-16.7%;;;;;;;;;-16.7%
MARVELL TECHNOLOGY INC;MRVL US Equity;0;0;0;0;0;-4082;0;0;0;0;0;0;8628;0;4546;;;;;;-78.8%;;;;;;;;;87.8%
MARVIPOL DEVELOPMENT S.A.;MVP PW Equity;0;-8721;0;0;0;0;0;0;0;0;0;0;0;0;-8721;;-100%;;;;;;;;;;;;;-100%
MASTERCARD INC.;MA US Equity;0;0;0;-865;0;27;0;0;0;0;0;0;0;0;-838;;;;-100%;;3.7%;;;;;;;;;-52.8%
MAYR MELNHOF KARTON AG;MMK AV Equity;0;0;-240;0;0;0;0;0;0;0;0;0;0;0;-240;;;-100%;;;;;;;;;;;;-100%
MBANK S.A.;MBK PW Equity;10197;-1086;17600;280;-17255;-12923;-100;0;2072;5026;103307;-27981;-9087;-5911;64139;56.1%;-21.9%;2847.9%;4.2%;-56.1%;-49.6%;-3.5%;;107.6%;6.6%;;-100%;-100%;-56.3%;29.7%
MCI MANAGEMENT S.A.;MCI PW Equity;0;0;0;0;146324;0;0;0;0;0;0;0;0;0;146324;;;;;;;;;;;;;;;
MEDIGENE AG;MDG1 GR Equity;0;0;0;0;0;0;0;0;0;0;0;0;-7533;0;-7533;;;;;;;;;;;;;-100%;;-100%
MERCADOLIBRE INC;MELI US Equity;0;0;0;0;0;0;0;0;0;0;0;0;241;0;241;;;;;;;;;;;;;;;
MERCOR S.A.;MCR PW Equity;0;-2257;0;0;0;0;0;0;0;0;0;0;0;0;-2257;;-15.4%;;;;;;;;;;;;;-15.4%
META PLATFORMS INC;META US Equity;0;0;-15;0;0;-454;0;0;0;0;20525;0;2334;0;22390;;;-0.4%;;;-31.2%;;;;;;0%;;;279.3%
METLEN ENERGY & METALS PLC;MTLN LN Equity;0;0;0;0;22518;0;0;0;0;0;0;0;0;0;22518;;;;;;;;;;;;;;;
MFO S.A.;MFO PW Equity;-1000;-158;0;0;0;0;0;0;0;-4147;0;0;14979;0;9674;-2.6%;-2.8%;;;;;;;;-100%;;;24.7%;;8.9%
MICRON TECHNOLOGY INC.;MU US Equity;0;0;-920;-1744;0;-249;0;0;0;0;0;0;-4595;0;-7508;;;-8.2%;-100%;;-24.2%;;;;;;;-100%;;-40.3%
MICROSOFT CORPORATION;MSFT US Equity;0;0;0;-2220;0;-18;130;0;711;0;38011;773;258;0;37645;;;0%;-100%;;-1.1%;28%;;;;;19.5%;10.6%;;330%
MINESTO AB;MINEST SS Equity;0;0;-36100;0;0;0;0;0;0;0;0;0;0;0;-36100;;;-100%;;;;;;;;;;;;-100%
MIRBUD S.A.;MRB PW Equity;168956;-15625;-157794;-22231;91683;-2611;0;0;0;645744;4374506;0;97515;-170653;5009490;;-18.5%;-100%;-6.5%;13.5%;-2.3%;;;0%;;;0%;69.3%;-43.6%;259.3%
ML SYSTEM S.A.;MLS PW Equity;0;-3498;0;0;0;0;-9436;0;0;0;0;0;0;0;-12934;;-100%;;;;;-100%;;;;;;;;-100%
MLP GROUP S.A.;MLG PW Equity;0;0;0;0;-404;-362;0;0;0;0;0;-12040;0;0;-12806;;0%;;;-1.2%;-8.1%;;;;;;-9%;;0%;-7.2%
MO-BRUK S.A.;MBR PW Equity;-10734;-420;0;0;0;0;762;0;0;-2161;52406;0;6220;-10215;35858;-100%;-18.1%;;;;;34.2%;;;-7.8%;;0%;;-58%;51.2%
MOL HUNGARIAN OIL & GAS PLC;MOL HB Equity;0;0;-38000;0;31601;0;0;0;0;0;0;0;0;0;-6399;;;-100%;;;;;;;;;;;;-16.8%
MOLECURE S.A.;MOC PW Equity;0;-3485;0;0;0;0;0;0;0;0;0;0;0;0;-3485;;-100%;;;;;;;;;;;;;-100%
MOTOR OIL HELLAS CORINTH REFINERIES SA;MOH GA Equity;0;0;0;0;92917;0;0;0;0;0;0;0;0;0;92917;;;;;;;;;;;;;;;
MURAPOL S.A.;MUR PW Equity;0;0;0;0;0;0;0;0;0;0;335982;0;38470;79931;454383;;;;;;;;;;;;;95.2%;;1124%
MURPHY USA INC;MUSA US Equity;0;0;0;0;0;-390;0;0;0;0;0;0;0;0;-390;;;;;;-100%;;;;;;;;;-100%
Medicalgorithmics SA;MDG PW Equity;123978;0;198750;74419;0;0;0;0;0;0;0;0;0;0;397147;;;;;;;;;;;;;;;
Monster Beverage Corp;MNST US Equity;0;0;0;0;0;0;0;0;0;0;0;0;0;0;0;;;;0%;;;;;;;;;;;0%
NATWEST GROUP PLC;NWG LN Equity;0;0;0;0;216640;0;0;0;0;0;0;0;0;0;216640;;;;;;;;;;;;;;;
NEUCA S.A.;NEU PW Equity;4080;24;0;157;-33;234;339;0;-201;-1713;71392;0;2240;2856;79375;9.9%;2.5%;0%;4.8%;-2.3%;5.5%;35%;;-100%;-5.8%;;0%;158.5%;122%;91.3%
NEWAG S.A.;NWG PW Equity;0;-101;0;0;-1162;0;0;0;0;1000;583871;0;0;0;583608;;-0.6%;;;-2.2%;;;;;;;;;;829.8%
NEWMONT CORP;NEM US Equity;-133749;0;-863;0;0;-1301;0;0;3881;0;0;0;0;0;-132032;-100%;;-100%;;;-45%;;;;;;;;;-96%
NIKE Inc;NKE US Equity;-12213;0;0;2254;0;0;0;0;0;0;160462;0;8879;0;159382;-100%;;;28%;;;;;;;;;;;786.2%
NOLATO AB;NOLAB SS Equity;0;0;-20;0;0;0;0;0;0;0;0;0;0;0;-20;;;-100%;;;;;;;;;;;;-100%
NORFOLK SOUTHERN CORP;NSC US Equity;0;0;0;0;0;-412;0;0;0;0;0;0;0;0;-412;;;;;;-100%;;;;;;;;;-100%
NOVO NORDISK A/S;NOVOB DC Equity;0;0;161398;0;0;0;0;0;0;0;0;0;10925;0;172323;;;;;;;;;;;;;265.5%;;4187.7%
NVIDIA CORP;NVDA US Equity;0;0;-80;-7740;0;-784;150;0;0;0;108497;17802;4446;0;122291;;;-0.7%;-100%;;-14.1%;8.7%;;;;;;61%;;356.2%
Nektar Therapeutics;NKTR US Equity;0;0;0;0;0;0;0;0;0;0;0;0;0;0;0;;;;;;;;;;;;;;;
Nestle SA;NESN SW Equity;0;0;0;-3684;0;0;0;0;0;0;0;0;0;0;-3684;;;;-100%;;;;;;;;;;;-100%
Novartis AG;NOVN SW Equity;0;0;0;0;0;0;0;0;0;0;0;-8200;0;0;-8200;;;;;;;;;;;;-100%;;;-100%
OCULAR THERAPEUTIX, INC.;OCUL US Equity;0;0;0;0;0;0;0;0;0;0;0;0;-19461;0;-19461;;;;;;;;;;;;;-100%;;-100%
OMV AG;OMV AV Equity;0;0;-513;0;0;0;0;0;0;0;0;0;0;0;-513;;;-100%;;;;;;;;;;;;-100%
ONDE S.A.;OND PW Equity;0;0;0;0;0;0;0;0;0;0;0;0;0;0;0;;;;;;;;;;;;;;0%;0%
ONE UNITED PROPERTIES SA;ONE RO Equity;0;0;0;0;0;0;0;0;0;0;0;0;-4165669;0;-4165669;;;;;;;;;;;;;-100%;;-100%
ONESPAWORLD HOLDINGS LTD;OSW US Equity;0;0;0;0;0;-67;0;0;0;0;0;0;0;0;-67;;;;;;-1.4%;;;;;;;;;-1.4%
OPONEO.PL S.A.;OPN PW Equity;29433;2189;0;-653;-1354;0;0;0;0;0;0;71697;0;30000;131312;24%;267.3%;;-6.5%;-1.6%;0%;;;;;;3584850%;;;56.6%
ORACLE CORPORATION;ORCL US Equity;0;0;0;0;0;-152;0;0;0;0;0;0;0;0;-152;;;;;;-42.7%;;;;;;;;;-42.7%
ORANGE POLSKA S.A.;OPL PW Equity;0;-90476;-27500;3656;96093;2081959;-18138;0;0;94183;0;-63545;0;-335118;1741114;;-64.6%;-26.3%;2.8%;11.7%;477.7%;-19.6%;;;1.9%;;-64.2%;;-65.7%;24.2%
ORLEN S.A.;PKN PW Equity;785480;-26070;-8570;-32286;667130;1238391;-345;0;89759;-300456;2362941;-752291;-51702;80948;4052929;125%;-13.5%;-4.3%;-9.7%;183%;60.9%;-0.3%;;103.8%;-7.1%;;-65.9%;-18.2%;40.6%;41.2%
ORZEŁ BIAŁY S.A.;OBL PW Equity;0;-143;0;0;0;0;0;0;0;0;0;0;0;0;-143;;-1.5%;;;;;;;;;;;;;-1.5%
OTP BANK NYRT.;OTP HB Equity;0;0;0;0;-14278;0;0;0;0;0;0;0;0;0;-14278;;;;;-63%;;;;;;;;;;-63%
Occidental Petroleum Corp;OXY US Equity;0;0;0;-7269;0;0;0;0;0;0;0;0;0;0;-7269;;;;-100%;;;;;;;;;;;-100%
On Holding AG;ONON US Equity;0;0;0;0;0;0;0;0;0;0;142493;0;0;0;142493;;;;;;;;;;;;;;;
Orsted A/S;ORSTED DC Equity;0;0;0;0;0;0;0;0;0;0;0;-28722;0;0;-28722;;;;;;;;;;;;-100%;;;-100%
PALFINGER AG;PAL AV Equity;0;0;0;0;0;0;0;0;0;0;0;0;0;6697;6697;;;;;;;;;;;;;;;
PALO ALTO NETWORKS, INC.;PANW US Equity;0;0;0;0;0;210;0;0;0;0;0;0;3002;0;3212;;;;;;105%;;;;;;;;;1606%
PARSONS CORP;PSN US Equity;0;0;0;0;0;-4356;0;0;0;0;0;0;0;0;-4356;;;;;;-100%;;;;;;;;;-100%
PASSU SA;PAS PW Equity;0;0;0;0;0;0;0;0;0;0;0;0;17616;0;17616;;;;;;;;;;;;;;;
PCF GROUP SA;PCF PW Equity;0;-92;0;0;0;0;0;0;0;-13200;0;0;0;0;-13292;;-100%;;;;;;;;-3.2%;;;;;-3.2%
PEABODY ENERGY CORP;BTU US Equity;0;0;-17915;0;0;0;0;0;0;0;0;0;0;0;-17915;;;-100%;;;;;;;;;;;;-100%
PEPCO GROUP NV;PCO PW Equity;0;-9000;-135650;0;414288;-4259;-10574;0;47805;-353024;911180;-327106;-201848;-74583;257229;;-15.2%;-100%;0%;150.8%;-16.8%;-23.5%;;;-20%;;-100%;-98.9%;-45.9%;8.3%
PETROL DD LJUBLJANA;PETG SV Equity;0;0;-60;0;0;0;0;0;0;0;0;0;0;0;-60;;;-100%;;;;;;;;;;;;-100%
PGE POLSKA GRUPA ENERGETYCZNA S.A.;PGE PW Equity;0;102490;-542500;11071;62009;92612;-1250;0;159294;-677572;3219431;-16699;181419;-307389;2282916;;88%;-100%;8%;5.1%;41.4%;-0.8%;;141.6%;-8.6%;;-2.6%;;-73.2%;19.9%
PKP CARGO SA;PKP PW Equity;0;0;0;0;0;0;0;0;0;0;0;0;0;0;0;;;;;;;;;;0%;;;;;0%
PLAYWAY S.A.;PLW PW Equity;-9428;0;0;-109;4361;0;585;0;0;-1018;0;0;0;0;-5609;-29.1%;0%;;-1.9%;225.7%;;24.7%;;;-20.8%;;;;;-11.5%
PNC FINANCIAL SERVICES GROUP;PNC US Equity;0;0;0;0;0;-698;0;0;0;0;0;0;0;0;-698;;;;;;-100%;;;;;;;;;-100%
POLENERGIA S.A.;PEP PW Equity;0;-9562;0;0;-198;0;0;0;0;0;0;0;0;0;-9760;;-100%;;;-3.3%;;;;;;;;;0%;-38.1%
POLTREG S.A.;PTG PW Equity;-6481;0;0;0;0;0;0;0;0;0;0;0;0;0;-6481;-30.5%;0%;;;;;;;;;;;;;-25%
PORR AG;POS AV Equity;0;0;0;0;6230;0;0;0;0;0;0;0;0;0;6230;;;;;10%;;;;;;;;;;10%
POWSZECHNA KASA OSZCZĘDNOŚCI BANK POLSKI S.A.;PKO PW Equity;-141960;18042;-123450;-758;151368;10189620;-10160;0;116922;108676;4609082;307219;104652;98530;15427783;-6.4%;7.2%;-34.3%;-0.2%;9.5%;202.6%;-6.3%;;111.5%;1.7%;;35.1%;32.7%;13.9%;84.3%
POWSZECHNY ZAKŁAD UBEZPIECZEŃ S.A.;PZU PW Equity;-80266;-9207;-38250;14700;16782;209520;-4091;0;85252;269777;3250092;-591674;-66025;-452392;2604218;-4.9%;-5.4%;-22.8%;4.8%;1.4%;5.5%;-3.5%;;100.7%;6.4%;;-51%;-21.6%;-46.9%;18.5%
POZNAŃSKA KORPORACJA BUDOWLANA PEKABEX S.A.;PBX PW Equity;0;-9590;0;0;0;0;3791;0;0;0;0;0;38478;0;32679;;-44.8%;;;;;13.1%;;;;;;75.6%;;32.3%
PRZEDSIEBIORSTWO HYDRAULIKI SI;HDR PW Equity;0;0;0;0;0;0;0;0;0;0;0;0;0;0;0;;;;;;;;;;0%;;;;;0%
PSI SOFTWARE SE;PSAN GR Equity;0;0;-8;0;0;0;0;0;0;0;0;0;0;0;-8;;;-100%;;;;;;;;;;;;-100%
PUMA SE.;PUM GR Equity;0;0;0;0;39947;0;0;0;0;0;0;0;0;0;39947;;;;;;;;;;;;;;;
Pan American Silver Corp;PAAS CN Equity;-122912;0;0;0;0;0;0;0;0;0;0;0;0;0;-122912;-100%;;;;;;;;;;;;;;-100%
PepsiCo Inc.;PEP US Equity;0;0;0;0;0;0;0;0;0;0;0;0;0;0;0;;;;;;;;;;;;0%;;;0%
Pernod Ricard;RI FP Equity;0;0;0;-2303;0;0;0;0;0;0;0;0;0;0;-2303;;;;-100%;;;;;;;;;;;-100%
Pfizer Inc.;PFE US Equity;0;0;0;0;0;0;0;0;0;0;0;81789;0;0;81789;;;;;;;;;;;;128.9%;;;128.9%
Polimex-Mostostal SA;PXM PW Equity;98670;0;0;0;0;0;0;0;0;0;0;0;0;0;98670;;;;;;;;;;;;;;;
Procter & Gamble Company;PG US Equity;0;0;0;0;0;0;0;0;0;0;0;0;0;0;0;;;;;;;;;;;;0%;;;0%
Publicis Groupe;PUB FP Equity;0;0;0;0;0;0;0;0;0;0;0;36351;0;0;36351;;;;;;;;;;;;;;;
QUALCOMM INC.;QCOM US Equity;0;0;0;0;0;-578;0;0;0;0;0;0;0;0;-578;;;;;;-100%;;;;;;;;;-100%
QUANTA SERVICES INC;PWR US Equity;0;0;0;0;0;-679;0;0;0;0;0;0;0;0;-679;;;;;;-29.4%;;;;;;;;;-29.4%
QUERCUS TOWARZYSTWO FUNDUSZY INWESTYCYJNYCH S.A.;QRS PW Equity;434591;0;0;0;0;70061;0;0;0;0;0;0;0;0;504652;;;;;;110.3%;;;;;;;;;794.2%
RAIFFEISEN BANK INTERNATIONAL AG;RBI AV Equity;0;0;0;0;-66007;0;0;0;0;0;0;0;0;0;-66007;;;;;-100%;;;;;;;;;;-100%
RAINBOW TOURS S.A.;RBW PW Equity;15468;1408;0;3670;-15815;-753;671;0;-4852;49378;327719;0;15443;47;392384;11.3%;20.1%;;20.8%;-12.8%;-3.4%;31.9%;;-100%;103.2%;;0%;;0.1%;93.6%
RAWLPLUG S.A.;RWL PW Equity;0;-257;0;0;0;0;0;0;-1268;0;0;0;0;0;-1525;;-2.2%;;;;;;;-100%;;;;;;-11.8%
REPSOL YPF;REP SM Equity;0;0;-18975;0;0;0;0;0;0;0;0;0;0;0;-18975;;;-100%;;;;;;;;;;;;-100%
ROCKET LAB CORP;RKLB US Equity;0;0;0;0;0;835;0;0;0;0;0;0;12401;0;13236;;;;;;;;;;;;;;;
RTX Corp.;RTX US Equity;0;0;0;0;0;0;0;0;0;0;0;0;0;0;0;;;;;;;;;;;;;;;
RYVU THERAPEUTICS S.A.;RVU PW Equity;-200982;-2087;-2300;0;-14274;0;697;0;-20279;-4500;0;0;0;49450;-194275;-64%;-65.8%;-26.3%;;-26.9%;;13.5%;;-100%;-2.6%;;;;59.2%;-29.3%
Regeneron Pharmaceuticals inc.;REGN US Equity;0;0;0;-151;0;0;0;0;0;0;0;0;0;0;-151;;;;-100%;;;;;;;;;;;-100%
Render Cube S.A.;RND PW Equity;0;0;0;0;0;0;0;0;0;0;0;0;0;0;0;;;;;;;;;;;;;;;
Rheinmetall AG;RHM GR Equity;0;0;0;0;0;38;0;0;256;0;6505;0;-250;0;6549;;;;;;9.1%;;;;;;;-100%;;980.4%
Roche Holding AG;ROG SW Equity;0;0;0;-1495;0;0;0;0;0;0;0;-5226;0;0;-6721;;;;-100%;;;;;;;;-100%;;;-100%
SAAB AB;SAABB SS Equity;0;0;0;0;0;4471;0;0;0;0;0;0;0;0;4471;;;;;;;;;;;;;;;
SAFRAN SA;SAF FP Equity;0;0;0;0;0;0;0;0;1670;0;0;0;0;0;1670;;;;;;;;;;;;;;;
SAIPEM SPA;SPM IM Equity;0;0;0;0;0;0;0;0;0;0;0;0;18461;0;18461;;;;;;;;;;;;;10.4%;;10.4%
SALESFORCE, INC.;CRM US Equity;0;0;0;0;0;-720;0;0;0;0;26467;0;4934;0;30681;;;;;;-63.7%;;;;;;;296.3%;;1097.7%
SANTANDER BANK POLSKA S.A.;SPL PW Equity;22585;1391;14593;2732;14480;-15113;-263;0;7592;91988;230805;-1108;18404;14809;402895;25.5%;9.3%;97.9%;18.7%;20.2%;-5.3%;-3.5%;;135.3%;32.4%;;-3.4%;192.8%;57.1%;47%
SAP SE;SAP GR Equity;0;0;0;0;0;-531;0;0;0;0;54785;0;0;0;54254;;;;;;-42.3%;;;;;;;;;4326.5%
SCHLUMBERGER LTD;SLB US Equity;0;0;-770;0;0;0;0;0;0;0;0;0;0;0;-770;;;-100%;;;;;;;;;;;;-100%
SELENA FM S.A.;SEL PW Equity;0;-158;0;0;0;0;0;0;0;0;0;0;0;0;-158;;-3%;;;;;;;;;;;;;-3%
SELVITA S.A.;SLV PW Equity;59617;-2553;-700;12335;-1471;-12497;1120;0;-10421;-7668;308297;0;54007;-2600;397466;19.8%;-18.3%;-41.2%;71.9%;-5%;-67.7%;23.4%;;-100%;-7.4%;;;;-4.4%;71.3%
SERVICENOW INC;NOW US Equity;0;0;0;0;0;49;0;0;0;0;0;0;0;0;49;;;;;;6.3%;;;;;;;;;6.3%
SHOPER S.A.;SHO PW Equity;-21144;3640;0;10399;-59396;30344;1559;0;19174;0;541536;0;40689;53357;620158;-7.3%;312.4%;;19.6%;-44.6%;81.9%;7.8%;;168.9%;;;0%;63.2%;213.7%;75.5%
SHOPIFY INC.;SHOP CN Equity;0;0;0;0;0;-900;0;0;0;0;0;0;0;0;-900;;;;;;-30%;;;;;;;;;-30%
SIEMENS AG;SIE GR Equity;0;0;0;-2098;0;599;0;0;0;0;0;0;0;0;-1499;;;;-100%;;44.5%;;;;;;;;;-43.5%
SIEMENS ENERGY AG;ENR GR Equity;0;0;0;0;11320;0;0;0;0;0;0;0;0;0;11320;;;;;;;;;;;;;;;
SIKA AG;SIKA SW Equity;0;0;0;-1309;0;0;0;0;0;0;0;0;0;0;-1309;;;;-100%;;;;;;;;;;;-100%
SNIEZKA SA;SKA PW Equity;0;-247;0;0;0;0;0;0;0;-5658;0;0;0;0;-5905;;-100%;;;;;;;;-7.5%;;;;;-7.8%
SOCIETE GENERALE PARIS;GLE FP Equity;0;0;0;0;24505;1455;0;0;0;0;0;0;0;0;25960;;;;;;;;;;;;;;;
STALPRODUKT S.A.;STP PW Equity;0;0;0;0;255;-121;0;0;0;0;0;0;-2891;0;-2757;;;;;50.6%;-23.4%;;;;;;;-100%;;-70.5%
STALPROFIL S.A.;STF PW Equity;0;-2911;0;0;0;0;0;0;0;0;0;0;0;0;-2911;;-100%;;;;;;;;;;;;;-100%
STMICROELECTRONICS NV;STMPA FP Equity;0;0;0;0;0;0;0;0;0;0;0;0;28275;0;28275;;;;;;;;;;;;;;;
SUPER MICRO COMPUTER INC;SMCI US Equity;0;0;-200;0;0;0;0;0;0;0;0;0;0;0;-200;;;-1%;;;;;;;;;;;;-1%
SWEETGREEN INC;SG US Equity;0;0;0;0;0;-1780;0;0;0;0;0;0;0;0;-1780;;;;;;-100%;;;;;;;;;-100%
SYMBOTIC INC;SYM US Equity;0;0;0;0;0;-2380;0;0;0;0;0;0;0;0;-2380;;;;;;-66.9%;;;;;;;;;-66.9%
SYNEKTIK S.A.;SNT PW Equity;0;-6332;2007;0;-31340;2188;0;0;-47;14988;0;0;0;0;-18536;;-95.8%;;;-75.8%;76.2%;;;-3.3%;;;;;;-35.5%
Schneider Electric SE;SU FP Equity;0;0;0;0;0;0;0;0;1054;0;22937;0;0;0;23991;;;;;;;;;;;;;;;
Scholar Rock Holding Corp.;SRRK US Equity;0;0;0;0;0;0;0;0;0;0;0;0;0;0;0;;;;;;;;;;;;;;;
SentinelOne Inc.;S US Equity;0;0;0;0;0;0;0;0;0;0;0;0;0;0;0;;;;;;;;;;;;;;;
Snowflake Inc.;SNOW US Equity;0;0;0;0;0;0;0;0;0;0;0;0;0;0;0;;;;;;;;;;;;;;;
Stalexport Autostrady S.A.;STX PW Equity;0;0;0;0;0;0;0;0;0;-18000;12366176;0;0;0;12348176;;0%;;;;0%;;;;-1.6%;;;;0%;801.4%
Starbucks Corp;SBUX US Equity;0;0;0;-5050;0;0;0;0;0;0;0;0;0;0;-5050;;;;-100%;;;;;;;;;;;-100%
TALEX SA;TLX PW Equity;0;0;0;0;0;0;0;0;0;0;0;0;0;0;0;;;;;;;;;;0%;;;;;0%
TALLINNA SADAM AS;TSM1T ET Equity;0;0;-630;0;0;0;0;0;0;0;0;0;0;0;-630;;;-100%;;;;;;;;;;;;-100%
TAURON POLSKA ENERGIA S.A.;TPE PW Equity;3998624;32048;0;147703;-1035659;5731417;-265;0;248343;769257;5478464;-1937798;-819044;-490423;12122667;;12.1%;;53.3%;-37.1%;1550.9%;-0.1%;;310%;9%;;-61.8%;-100%;-60.8%;70.2%
TECNICAS REUNI DAS SA;TRE SM Equity;0;0;0;0;0;0;0;0;0;0;0;0;0;45000;45000;;;;;;;;;;;;;;;
TEN SQUARE GAMES SA;TEN PW Equity;-121261;0;0;-9320;5983;0;801;0;0;-6100;0;-6213;0;0;-136110;-100%;;;-100%;70.9%;;18.3%;;;-7.9%;;-10.6%;;;-48.8%
THE MOSAIC COMPANY;MOS US Equity;0;0;-5750;0;0;0;0;0;0;0;0;0;0;0;-5750;;;-98.8%;;;;;;;;;;;;-98.8%
THYSSENKRUPP AG;TKA GR Equity;0;0;0;0;124170;0;0;0;0;0;0;0;0;0;124170;;;;;;;;;;;;;;;
TKMS AG& CO KGAA;TKMS GR Equity;0;0;0;0;20205;0;0;0;0;0;0;0;0;0;20205;;;;;;;;;;;;;;;
TOLL BROTHERS INC;TOL US Equity;0;0;0;0;0;-1029;0;0;0;0;0;0;0;0;-1029;;;;;;-100%;;;;;;;;;-100%
TORPOL S.A.;TOR PW Equity;0;16865;0;0;1518;0;-411;0;0;-13000;0;0;-31763;0;-26791;;;;;1.2%;;-7%;;;-1.9%;;;-62.5%;0%;-3%
TOTALENERGIES SE;TTE FP Equity;0;0;-5075;0;0;0;0;0;0;0;0;0;0;0;-5075;;;-80.9%;;;;;;;;;;;;-80.9%
TOYA S.A.;TOA PW Equity;0;-12290;0;0;572059;0;0;0;0;0;0;0;0;0;559769;;-39.8%;;;;0%;;;;;;;;;566.8%
TREX COMPANY INC;TREX US Equity;0;0;0;0;0;-792;0;0;0;0;0;0;0;0;-792;;;;;;-100%;;;;;;;;;-100%
Take-Two Interactive Software Inc;TTWO US Equity;0;0;0;-2461;0;0;0;0;0;0;0;0;0;0;-2461;;;;-100%;;;;;;;;;;;-100%
Tarsus Pharmaceuticals Inc.;TARS US Equity;0;0;0;0;0;0;0;0;0;0;0;0;0;0;0;;;;;;;;;;;;;;;
Tesla Inc.;TSLA US Equity;0;0;0;-654;0;-439;0;0;0;0;0;0;0;0;-1093;;;;-100%;;-100%;;;;;;;;;-100%
Thales SA;HO FP Equity;0;0;0;0;0;0;0;0;0;0;10149;0;0;0;10149;;;;;;;;;;;;;;;
The TJX Companies, Inc.;TJX US Equity;0;0;0;0;0;0;0;0;0;0;46876;0;0;0;46876;;;;;;;;;;;;;;;
UBER TECHNOLOGIES INC;UBER US Equity;0;0;0;0;16599;595;0;0;0;0;0;0;0;0;17194;;;;;;;;;;;;;;;
UNIBEP SA;UNI PW Equity;663686;-18283;0;0;0;0;0;0;0;175000;0;0;0;0;820403;;-38.4%;;;;;;;;37.1%;;;;;158%
UNIMOT S.A.;UNT PW Equity;0;0;0;0;0;0;0;0;0;0;0;0;0;0;0;;0%;;;;;;;;;;;;;0%
Ultimate Games S.A.;ULG PW Equity;-3500;-905;0;0;0;0;0;0;0;0;0;0;0;0;-4405;-100%;-100%;;;;;;;;;;;;;-100%
UniCredit S.p.A.;UCG IM Equity;0;0;0;0;0;0;0;0;0;0;0;0;0;0;0;;;;;;;;;;;;;;;
Urteste S.A.;URT PW Equity;-1835;0;0;0;0;0;0;0;0;0;0;0;0;0;-1835;-8.2%;;;;;;;;;;;;;;-8.2%
VERCOM S.A;VRC PW Equity;36552;8727;0;9776;3973;15050;0;0;13229;64687;318023;-18;17508;38378;525885;25.6%;;;;3.1%;;;;249.3%;2173.6%;;-1%;;;187.6%
VIENNA INSURANCE GROUP AG;VIG AV Equity;0;0;0;0;38108;0;0;0;0;0;0;0;0;0;38108;;;;;;;;;;;;;;;
VIGO PHOTONICS S.A.;VGO PW Equity;0;-15;0;0;-98;-39;-229;0;0;0;0;0;0;0;-381;;-2.7%;;0%;-2.4%;-1.4%;-16.7%;;;;;;;;-3.3%
VINCI SA;DG FP Equity;0;0;0;0;0;770;0;0;0;0;0;0;0;0;770;;;;;;33.3%;;;;;;;;;33.3%
VISA INC.;V US Equity;0;0;0;0;0;-923;0;0;0;0;0;0;0;0;-923;;;;;;-56.9%;;;;;;;;;-56.9%
VITA 34 AG;V3V GR Equity;0;0;-338;0;0;0;0;0;0;0;0;0;0;0;-338;;;-100%;;;;;;;;;;;;-100%
VOTUM S.A.;VOT PW Equity;0;0;0;0;-9344;0;0;0;0;0;0;0;0;0;-9344;;0%;;;-20.2%;;;;;;;;;;-18%
VOXEL S.A.;VOX PW Equity;-8349;-1327;0;0;-11;0;0;0;0;11254;269930;-2571;0;0;268926;-7.5%;-17.7%;;;-0%;;;;;;;-7.4%;;;120%
VRG S.A.;VRG PW Equity;2240798;47998;0;0;0;0;2076;0;-66024;0;0;0;-209860;0;2014988;;145448.5%;;;;;14.2%;;-100%;0%;;;-24.2%;;210.9%
VULCAN MATERIALS CO;VMC US Equity;0;0;0;0;0;-223;0;0;0;0;0;0;0;0;-223;;;;;;-10.2%;;;;;;;;;-10.2%
Varonis Systems Inc.;VRNS US Equity;0;0;0;0;0;0;0;0;0;0;0;0;0;0;0;;;;;;;;;;;;;;;
Vertiv Holdings Co.;VRT US Equity;0;0;0;0;0;0;0;0;0;0;0;0;-2728;0;-2728;;;;;;;;;;;;;-100%;;-100%
Vestas Wind Systems A/S;VWS DC Equity;0;0;0;0;0;0;0;0;0;0;0;10656;0;0;10656;;;;;;;;;;;;41.6%;;;41.6%
Vonovia SE;VNA GR Equity;0;0;0;0;0;0;0;0;0;0;0;170816;0;0;170816;;;;;;;;;;;;333.5%;;;333.5%
WABTEC CORP;WAB US Equity;0;0;0;0;0;-190;0;0;0;0;0;0;0;0;-190;;;;;;-10%;;;;;;;;;-10%
WASTE CONNECTIONS INC;WCN CN Equity;0;0;0;0;0;-102;0;0;0;0;0;0;0;0;-102;;;;;;-5.7%;;;;;;;;;-5.7%
WASTE MANAGEMENT INC;WM US Equity;0;0;0;0;0;-12;0;0;0;0;0;0;0;0;-12;;;;;;-1.3%;;;;;;;;;-1.3%
WELLS FARGO & CO;WFC US Equity;0;0;0;-3037;0;-1892;0;0;0;0;0;0;0;0;-4929;;;;-100%;;-40.6%;;;;;;;;;-64.1%
WIRTUALNA POLSKA HOLDING S.A.;WPL PW Equity;-83386;3984;49751;-9455;0;-3223;1546;0;1847;-40439;0;-56728;6170;-65345;-195278;-36.8%;55.9%;;-24.4%;;-16.1%;17.4%;;56.4%;-15.6%;;-53.7%;24.1%;-90.4%;-25.4%
WITTCHEN S.A.;WTN PW Equity;0;-961;-74900;0;-62842;0;0;0;0;0;0;0;-42515;-970;-182188;;-10.8%;-100%;;-100%;;;;;;;;-100%;-1.4%;-69.8%
Walmart Inc.;WMT US Equity;0;0;0;-2741;0;-1655;0;0;0;0;0;0;0;0;-4396;;;;-100%;;-48.4%;;;;;;;;;-71.4%
Walt Disney Co/The;DIS US Equity;0;0;0;-4541;0;0;0;0;0;0;0;0;0;0;-4541;;;;-100%;;;;;;;;;;;-100%
Western Digital Corp.;WDC US Equity;0;0;0;0;0;0;0;0;0;0;0;0;0;0;0;;;;;;;;;;;;;;;
Wheaton Precious Metals Corp.;WPM CN Equity;0;0;0;0;0;0;0;0;0;0;0;0;0;0;0;;;;;;;;;;;;;;;
Wielton S.A.;WLT PW Equity;0;-282;0;0;0;0;5077;0;0;0;0;0;-116673;0;-111878;;-1.3%;;;;;22.7%;;;;;0%;-100%;;-31.5%
Wizz Air Holdings Plc;WIZZ LN Equity;0;0;0;0;0;0;0;0;0;0;0;23555;15375;0;38930;;;;;;;;;;;;36.6%;55.8%;;42.4%
XTB S.A.;XTB PW Equity;267190;-393;103940;19700;-67614;312818;14482;0;565;136763;1124046;289153;91068;-10155;2281563;;-0.7%;123.3%;32.8%;-35.4%;74.7%;65.1%;;2.6%;29.1%;;193.1%;258.7%;-5.5%;134.6%
Xylem Inc.;XYL US Equity;0;0;0;0;0;0;0;0;0;0;0;0;0;0;0;;;;;;;;;;;;0%;;;0%
YARA INTERNATIONAL ASA;YAR NO Equity;0;0;-6400;0;0;0;0;0;0;0;0;0;0;0;-6400;;;-84.4%;;;;;;;;;;;;-84.4%
ZABKA GROUP SA;ZAB PW Equity;244008;103996;680829;-82443;338952;3399518;2064;0;147767;837109;3180357;1836144;-291672;-108413;10288216;;97.3%;;-20.6%;788.2%;227.8%;3%;;;22.7%;;;-100%;-17.1%;153.1%
ZESPÓŁ ELEKTROWNI PĄTNÓW-ADAMÓW-KONIN S.A.;ZEP PW Equity;0;0;0;0;0;0;0;0;0;0;0;0;0;0;0;;0%;;;;;;;;;;;;;0%
ZUE S.A.;ZUE PW Equity;0;-273;0;0;0;0;0;0;0;0;0;0;0;0;-273;;-1.9%;;;;;;;;;;;;;-1.9%
Zalando SE;ZAL GR Equity;0;0;-752;0;0;0;0;0;0;0;0;0;-11735;-27000;-39487;;;-100%;0%;;;;;;;;;-100%;-100%;-68.6%
Zoetis Inc.;ZTS US Equity;0;0;0;0;0;0;0;0;0;0;0;16684;0;0;16684;;;;;;;;;;;;;;;
